{"cameraMode":{"drawMode":0,"name":"Shaded","section":"Shading Mode"},"sceneLighting":false,"audioPlay":false,"sceneViewState":{"showFog":true,"showMaterialUpdate":false,"showSkybox":false,"showFlares":true,"showImageEffects":true,"showParticleSystems":true},"in2DMode":false,"pivot":{"x":-6.51519775390625,"y":-0.9568619728088379,"z":-0.8405857086181641},"rotation":{"x":0.02956514246761799,"y":-0.9587559103965759,"z":0.2610233724117279,"w":0.1086016595363617},"size":7.26378059387207,"orthographic":false}